<?xml version="1.0" encoding="UTF-8" standalone="yes"?><inits id="NB8E6D30004511EAA452E8A40F5A8295" type="com.ibm.rational.test.ft.aftsuite"><group><tests><test path="/DockerGoogle/Tests/Copy (2) of DockerGoogleTest.testsuite"/><test path="/DockerGoogle/Tests/Copy (3) of DockerGoogleTest.testsuite"/><test path="/DockerGoogle/Tests/Copy of DockerGoogleTest.testsuite"/><test path="/DockerGoogle/Tests/DockerGoogleTest.testsuite"/></tests><browsers><browser name="firefox"/></browsers></group></inits>